scenario,policy,seed,cyber_harm_auc,misbelief_auc,trust_auc,uncertainty_auc,polarization_auc,protocol_attempted,protocol_executed,shield_interventions,final_cyber_harm,final_misbelief,final_trust,exfil_risk_auc,services_down_auc,compromised_auc
ransomware_rumor,pipeline+shield,0,4.361111111111112,13.979712216493779,32.744076762567936,4.418090547545673,1.2656807384650444,0.0,0.0,0.0,0.16666666666666666,0.2000450958983373,0.5462193779994592,0.0,0.0,4.361111111111112
ransomware_rumor,pipeline+shield,1,1.6666666666666665,13.367807056880116,33.17101612575282,4.465776639017103,2.1524762517957545,0.0,0.0,0.0,0.027777777777777776,0.18134748318259047,0.552526333028434,0.0,0.0,1.6666666666666665
ransomware_rumor,vchimera+shield,0,12.518609790913771,9.906961480007666,39.76620832425269,3.57992262480028,1.728122044596948,6.0,0.0,6.0,1.031821434352385,0.10958694948939489,0.5342134243949442,0.9554286928395939,0.0,7.749999999999999
ransomware_rumor,vchimera+shield,1,21.778513144379307,10.069146873932786,38.4710916648664,4.66101965491847,2.0027126700986493,6.0,0.0,6.0,1.4986325873735675,0.1785855287975145,0.2574656384540426,2.790738297950191,0.0,11.305555555555557
