scenario,policy,seed,cyber_harm_auc,misbelief_auc,trust_auc,uncertainty_auc,polarization_auc,protocol_attempted,protocol_executed,shield_interventions,final_cyber_harm,final_misbelief,final_trust,exfil_risk_auc,services_down_auc,compromised_auc
ransomware_rumor,pipeline+shield,0,0.0726851851851852,0.23299520360822965,0.5457346127094655,0.07363484245909455,0.021094678974417407,0.0,0.0,0.0,0.16666666666666666,0.2000450958983373,0.5462193779994592,0.0,0.0,0.0726851851851852
ransomware_rumor,pipeline+shield,1,0.027777777777777776,0.22279678428133526,0.5528502687625471,0.07442961065028506,0.03587460419659591,0.0,0.0,0.0,0.027777777777777776,0.18134748318259047,0.552526333028434,0.0,0.0,0.027777777777777776
ransomware_rumor,vchimera+shield,0,0.20864349651522954,0.16511602466679445,0.6627701387375448,0.05966537708000466,0.0288020340766158,6.0,0.0,6.0,1.031821434352385,0.10958694948939489,0.5342134243949442,0.015923811547326566,0.0,0.12916666666666665
ransomware_rumor,vchimera+shield,1,0.36297521907298846,0.16781911456554643,0.6411848610811066,0.07768366091530783,0.03337854450164415,6.0,0.0,6.0,1.4986325873735675,0.1785855287975145,0.2574656384540426,0.04651230496583651,0.0,0.18842592592592594
