env,cond,n_seeds,return_mean,return_sd_across_seeds,avg_eval_seed_sd,gini,gini_sd_across_seeds,avg_eval_seed_sd_gini,net_sanctions,net_sanctions_sd,return_ci95,gini_ci95
cleanup,baseline,5,0.0,0.0,0.0,0.0,0.0,0.0,0.0,0.0,0.0,0.0
cleanup,iml,5,-7.897279999999999,0.022638727879454774,0.2126495681832886,0.4011585475008383,0.0002081567327853537,0.013893418953273423,79.08,0.0,0.01984371990933157,0.0001824574209570655
harvest,baseline,5,51.300959999999996,28.828503352897112,1.7902246082994147,0.2659023142299012,0.14098870323869306,0.010411005603756152,0.0,0.0,25.26929732917015,0.12358204720449488
harvest,iml,5,49.3808,9.640210869062981,1.8734209569789457,0.23498740838832646,0.04490757429387478,0.014115521776655282,79.08,0.0,8.450017393697602,0.039363224419684636
